Position,Const,Created,Modified,Description,Title,Original Title,URL,Title Type,IMDb Rating,Runtime (mins),Year,Genres,Num Votes,Release Date,Directors,Your Rating,Date Rated
1,tt0111161,2024-06-26,2024-06-26,,"The Shawshank Redemption","The Shawshank Redemption",https://www.imdb.com/title/tt0111161/,Movie,9.3,142,1994,"Drama",2909348,1995-02-17,"Frank Darabont",,
2,tt0068646,2024-06-26,2024-06-26,,"The Godfather","The Godfather",https://www.imdb.com/title/tt0068646/,Movie,9.2,175,1972,"Crime, Drama",2027348,1972-08-24,"Francis Ford Coppola",,
3,tt0468569,2024-06-26,2024-06-26,,"The Dark Knight","The Dark Knight",https://www.imdb.com/title/tt0468569/,Movie,9.0,152,2008,"Action, Crime, Drama, Thriller",2890418,2008-07-24,"Christopher Nolan",,
4,tt0071562,2024-06-26,2024-06-26,,"The Godfather Part II","The Godfather Part II",https://www.imdb.com/title/tt0071562/,Movie,9.0,202,1974,"Crime, Drama",1372789,1975-05-15,"Francis Ford Coppola",,
5,tt0050083,2024-06-26,2024-06-26,,"12 Angry Men","12 Angry Men",https://www.imdb.com/title/tt0050083/,Movie,9.0,96,1957,"Crime, Drama",872451,1957-04-10,"Sidney Lumet",,
6,tt0108052,2024-06-26,2024-06-26,,"Schindler's List","Schindler's List",https://www.imdb.com/title/tt0108052/,Movie,9.0,195,1993,"Biography, Drama, History",1460685,1994-02-18,"Steven Spielberg",,
7,tt0167260,2024-06-26,2024-06-26,,"The Lord of the Rings: The Return of the King","The Lord of the Rings: The Return of the King",https://www.imdb.com/title/tt0167260/,Movie,9.0,201,2003,"Action, Adventure, Drama, Fantasy",1992203,2003-12-17,"Peter Jackson",,
8,tt0110912,2024-06-26,2024-06-26,,"Pulp Fiction","Pulp Fiction",https://www.imdb.com/title/tt0110912/,Movie,8.9,154,1994,"Crime, Drama",2236299,1994-10-21,"Quentin Tarantino",,
9,tt0120737,2024-06-26,2024-06-26,,"The Lord of the Rings: The Fellowship of the Ring","The Lord of the Rings: The Fellowship of the Ring",https://www.imdb.com/title/tt0120737/,Movie,8.9,178,2001,"Action, Adventure, Drama, Fantasy",2020709,2001-12-19,"Peter Jackson",,
10,tt0060196,2024-06-26,2024-06-26,,"The Good, the Bad and the Ugly","Il buono, il brutto, il cattivo",https://www.imdb.com/title/tt0060196/,Movie,8.8,148,1966,"Adventure, Drama, Western",816092,1968-09-06,"Sergio Leone",,
11,tt0109830,2024-06-26,2024-06-26,,"Forrest Gump","Forrest Gump",https://www.imdb.com/title/tt0109830/,Movie,8.8,142,1994,"Drama, Romance",2274563,1994-10-07,"Robert Zemeckis",,
12,tt0167261,2024-06-26,2024-06-26,,"The Lord of the Rings: The Two Towers","The Lord of the Rings: The Two Towers",https://www.imdb.com/title/tt0167261/,Movie,8.8,179,2002,"Action, Adventure, Drama, Fantasy",1796013,2002-12-18,"Peter Jackson",,
13,tt0137523,2024-06-26,2024-06-26,,"Fight Club","Fight Club",https://www.imdb.com/title/tt0137523/,Movie,8.8,139,1999,"Drama",2342457,1999-11-12,"David Fincher",,
14,tt1375666,2024-06-26,2024-06-26,,"Inception","Inception",https://www.imdb.com/title/tt1375666/,Movie,8.8,148,2010,"Action, Adventure, Sci-Fi, Thriller",2568142,2010-07-16,"Christopher Nolan",,
15,tt0080684,2024-06-26,2024-06-26,,"Star Wars: Episode V - The Empire Strikes Back","Star Wars: Episode V - The Empire Strikes Back",https://www.imdb.com/title/tt0080684/,Movie,8.7,124,1980,"Action, Adventure, Fantasy, Sci-Fi",1388855,1980-05-21,"Irvin Kershner",,
16,tt0133093,2024-06-26,2024-06-26,,"The Matrix","The Matrix",https://www.imdb.com/title/tt0133093/,Movie,8.7,136,1999,"Action, Sci-Fi",2067559,1999-06-11,"Lana Wachowski, Lilly Wachowski",,
17,tt0099685,2024-06-26,2024-06-26,,"GoodFellas","Goodfellas",https://www.imdb.com/title/tt0099685/,Movie,8.7,145,1990,"Biography, Crime, Drama",1266141,1990-10-26,"Martin Scorsese",,
18,tt0073486,2024-06-26,2024-06-26,,"One Flew Over the Cuckoo's Nest","One Flew Over the Cuckoo's Nest",https://www.imdb.com/title/tt0073486/,Movie,8.7,133,1975,"Drama",1077872,1976-02-26,"Milos Forman",,
19,tt0114369,2024-06-26,2024-06-26,,"Seven","Se7en",https://www.imdb.com/title/tt0114369/,Movie,8.6,127,1995,"Crime, Drama, Mystery, Thriller",1812221,1996-01-05,"David Fincher",,
20,tt0816692,2024-06-26,2024-06-26,,"Interstellar","Interstellar",https://www.imdb.com/title/tt0816692/,Movie,8.7,169,2014,"Adventure, Drama, Sci-Fi",2123443,2014-11-07,"Christopher Nolan",,
21,tt0038650,2024-06-26,2024-06-26,,"It's a Wonderful Life","It's a Wonderful Life",https://www.imdb.com/title/tt0038650/,Movie,8.6,130,1946,"Drama, Family, Fantasy, Romance",501677,1947-01-07,"Frank Capra",,
22,tt0047478,2024-06-26,2024-06-26,,"Seven Samurai","Shichinin no samurai",https://www.imdb.com/title/tt0047478/,Movie,8.6,207,1954,"Action, Drama",368821,1954-04-26,"Akira Kurosawa",,
23,tt0102926,2024-06-26,2024-06-26,,"The Silence of the Lambs","The Silence of the Lambs",https://www.imdb.com/title/tt0102926/,Movie,8.6,118,1991,"Crime, Drama, Thriller",1559276,1991-05-31,"Jonathan Demme",,
24,tt0120815,2024-06-26,2024-06-26,,"Saving Private Ryan","Saving Private Ryan",https://www.imdb.com/title/tt0120815/,Movie,8.6,169,1998,"Drama, War",1506996,1998-09-11,"Steven Spielberg",,
25,tt0317248,2024-06-26,2024-06-26,,"City of God","Cidade de Deus",https://www.imdb.com/title/tt0317248/,Movie,8.6,130,2002,"Crime, Drama",805447,2003-01-03,"Fernando Meirelles, Kátia Lund",,
26,tt0118799,2024-06-26,2024-06-26,,"Life Is Beautiful","La vita è bella",https://www.imdb.com/title/tt0118799/,Movie,8.6,116,1997,"Comedy, Drama, Romance, War",747462,1999-02-12,"Roberto Benigni",,
27,tt0120689,2024-06-26,2024-06-26,,"The Green Mile","The Green Mile",https://www.imdb.com/title/tt0120689/,Movie,8.6,189,1999,"Crime, Drama, Fantasy, Mystery",1417620,2000-03-03,"Frank Darabont",,
28,tt0103064,2024-06-26,2024-06-26,,"Terminator 2: Judgment Day","Terminator 2: Judgment Day",https://www.imdb.com/title/tt0103064/,Movie,8.6,137,1991,"Action, Adventure, Sci-Fi",1181311,1991-08-16,"James Cameron",,
29,tt0076759,2024-06-26,2024-06-26,,"Star Wars: Episode IV - A New Hope","Star Wars",https://www.imdb.com/title/tt0076759/,Movie,8.6,121,1977,"Action, Adventure, Fantasy, Sci-Fi",1458500,1978-01-29,"George Lucas",,
30,tt0088763,2024-06-26,2024-06-26,,"Back to the Future","Back to the Future",https://www.imdb.com/title/tt0088763/,Movie,8.5,116,1985,"Adventure, Comedy, Sci-Fi",1316118,1985-12-04,"Robert Zemeckis",,
31,tt0245429,2024-06-26,2024-06-26,,"Spirited Away","Sen to Chihiro no kamikakushi",https://www.imdb.com/title/tt0245429/,Movie,8.6,125,2001,"Animation, Adventure, Family, Fantasy, Mystery",857464,2003-09-12,"Hayao Miyazaki",,
32,tt0253474,2024-06-26,2024-06-26,,"The Pianist","The Pianist",https://www.imdb.com/title/tt0253474/,Movie,8.5,150,2002,"Biography, Drama, Music, War",919830,2003-01-24,"Roman Polanski",,
33,tt15239678,2024-06-26,2024-06-26,,"Dune: Part Two","Dune: Part Two",https://www.imdb.com/title/tt15239678/,Movie,8.6,166,2024,"Action, Adventure, Drama, Sci-Fi",457860,2024-03-01,"Denis Villeneuve",,
34,tt6751668,2024-06-26,2024-06-26,,"Parasite","Gisaengchung",https://www.imdb.com/title/tt6751668/,Movie,8.5,132,2019,"Drama, Thriller",972486,2020-02-07,"Bong Joon Ho",,
35,tt0054215,2024-06-26,2024-06-26,,"Psycho","Psycho",https://www.imdb.com/title/tt0054215/,Movie,8.5,109,1960,"Horror, Mystery, Thriller",722756,1960-09-15,"Alfred Hitchcock",,
36,tt0172495,2024-06-26,2024-06-26,,"Gladiator","Gladiator",https://www.imdb.com/title/tt0172495/,Movie,8.5,155,2000,"Action, Adventure, Drama",1632119,2000-05-12,"Ridley Scott",,
37,tt9362722,2024-06-26,2024-06-26,,"Spider-Man: Across the Spider-Verse","Spider-Man: Across the Spider-Verse",https://www.imdb.com/title/tt9362722/,Movie,8.6,140,2023,"Animation, Action, Adventure, Fantasy, Sci-Fi",381321,2023-06-01,"Joaquim Dos Santos, Kemp Powers, Justin K. Thompson",,
38,tt0110357,2024-06-26,2024-06-26,,"The Lion King","The Lion King",https://www.imdb.com/title/tt0110357/,Movie,8.5,88,1994,"Animation, Adventure, Drama, Family, Fantasy, Musical",1150093,1994-10-07,"Roger Allers, Rob Minkoff",,
39,tt0407887,2024-06-26,2024-06-26,,"The Departed","The Departed",https://www.imdb.com/title/tt0407887/,Movie,8.5,151,2006,"Crime, Drama, Thriller",1430822,2006-10-06,"Martin Scorsese",,
40,tt0110413,2024-06-26,2024-06-26,,"Leon","Léon",https://www.imdb.com/title/tt0110413/,Movie,8.5,110,1994,"Action, Crime, Drama, Thriller",1253574,1995-02-03,"Luc Besson",,
41,tt0120586,2024-06-26,2024-06-26,,"American History X","American History X",https://www.imdb.com/title/tt0120586/,Movie,8.5,119,1998,"Crime, Drama",1192249,1999-03-26,"Tony Kaye",,
42,tt2582802,2024-06-26,2024-06-26,,"Whiplash","Whiplash",https://www.imdb.com/title/tt2582802/,Movie,8.5,106,2014,"Drama, Music",1000560,2015-01-16,"Damien Chazelle",,
43,tt0482571,2024-06-26,2024-06-26,,"The Prestige","The Prestige",https://www.imdb.com/title/tt0482571/,Movie,8.5,130,2006,"Drama, Mystery, Sci-Fi, Thriller",1450533,2006-11-10,"Christopher Nolan",,
44,tt0095327,2024-06-26,2024-06-26,,"Grave of the Fireflies","Hotaru no haka",https://www.imdb.com/title/tt0095327/,Movie,8.5,89,1988,"Animation, Drama, War",313623,1989-04-07,"Isao Takahata",,
45,tt0056058,2024-06-26,2024-06-26,,"Harakiri","Seppuku",https://www.imdb.com/title/tt0056058/,Movie,8.6,133,1962,"Action, Drama, Mystery",69788,1962-09-16,"Masaki Kobayashi",,
46,tt0114814,2024-06-26,2024-06-26,,"The Usual Suspects","The Usual Suspects",https://www.imdb.com/title/tt0114814/,Movie,8.5,106,1995,"Crime, Drama, Mystery, Thriller",1151192,1995-08-25,"Bryan Singer",,
47,tt0034583,2024-06-26,2024-06-26,,"Casablanca","Casablanca",https://www.imdb.com/title/tt0034583/,Movie,8.5,102,1942,"Drama, Romance, War",609021,1943-01-23,"Michael Curtiz",,
48,tt1675434,2024-06-26,2024-06-26,,"Untouchable","Intouchables",https://www.imdb.com/title/tt1675434/,Movie,8.5,112,2011,"Comedy, Drama",935513,2012-09-21,"Olivier Nakache, Éric Toledano",,
49,tt0095765,2024-06-26,2024-06-26,,"Cinema Paradiso","Nuovo Cinema Paradiso",https://www.imdb.com/title/tt0095765/,Movie,8.5,174,1988,"Drama, Romance",284831,1990-02-23,"Giuseppe Tornatore",,
50,tt0027977,2024-06-26,2024-06-26,,"Modern Times","Modern Times",https://www.imdb.com/title/tt0027977/,Movie,8.5,87,1936,"Comedy, Drama, Romance",260946,1936-02-11,"Charles Chaplin",,
51,tt0047396,2024-06-26,2024-06-26,,"Rear Window","Rear Window",https://www.imdb.com/title/tt0047396/,Movie,8.5,112,1954,"Mystery, Thriller",525395,1954-11-15,"Alfred Hitchcock",,
52,tt0064116,2024-06-26,2024-06-26,,"Once Upon a Time in the West","C'era una volta il West",https://www.imdb.com/title/tt0064116/,Movie,8.5,166,1968,"Drama, Western",350826,1969-08-31,"Sergio Leone",,
53,tt0078748,2024-06-26,2024-06-26,,"Alien","Alien",https://www.imdb.com/title/tt0078748/,Movie,8.5,117,1979,"Horror, Sci-Fi",958047,1979-09-06,"Ridley Scott",,
54,tt0021749,2024-06-26,2024-06-26,,"City Lights","City Lights",https://www.imdb.com/title/tt0021749/,Movie,8.5,87,1931,"Comedy, Drama, Romance",197082,1931-03-07,"Charles Chaplin",,
55,tt1853728,2024-06-26,2024-06-26,,"Django Unchained","Django Unchained",https://www.imdb.com/title/tt1853728/,Movie,8.5,165,2012,"Comedy, Drama, Western",1708366,2013-01-18,"Quentin Tarantino",,
56,tt0078788,2024-06-26,2024-06-26,,"Apocalypse Now","Apocalypse Now",https://www.imdb.com/title/tt0078788/,Movie,8.4,147,1979,"Drama, Mystery, War",714455,1979-12-19,"Francis Ford Coppola",,
57,tt0209144,2024-06-26,2024-06-26,,"Memento","Memento",https://www.imdb.com/title/tt0209144/,Movie,8.4,113,2000,"Mystery, Thriller",1330252,2000-10-20,"Christopher Nolan",,
58,tt0910970,2024-06-26,2024-06-26,,"WALL·E","WALL·E",https://www.imdb.com/title/tt0910970/,Movie,8.4,98,2008,"Animation, Adventure, Family, Sci-Fi",1207752,2008-07-18,"Andrew Stanton",,
59,tt23849204,2024-06-26,2024-06-26,,"12th Fail","12th Fail",https://www.imdb.com/title/tt23849204/,Movie,8.9,147,2023,"Biography, Drama",119700,2023-10-27,"Vidhu Vinod Chopra",,
60,tt0082971,2024-06-26,2024-06-26,,"Raiders of the Lost Ark","Raiders of the Lost Ark",https://www.imdb.com/title/tt0082971/,Movie,8.4,115,1981,"Action, Adventure",1041805,1981-07-30,"Steven Spielberg",,
61,tt0405094,2024-06-26,2024-06-26,,"The Lives of Others","Das Leben der Anderen",https://www.imdb.com/title/tt0405094/,Movie,8.4,137,2006,"Drama, Mystery, Thriller",412517,2007-04-13,"Florian Henckel von Donnersmarck",,
62,tt0043014,2024-06-26,2024-06-26,,"Sunset Blvd.","Sunset Blvd.",https://www.imdb.com/title/tt0043014/,Movie,8.4,110,1950,"Drama, Film-Noir",237789,1950-08-04,"Billy Wilder",,
63,tt4154756,2024-06-26,2024-06-26,,"Avengers: Infinity War","Avengers: Infinity War",https://www.imdb.com/title/tt4154756/,Movie,8.4,149,2018,"Action, Adventure, Sci-Fi",1214591,2018-04-26,"Anthony Russo, Joe Russo",,
64,tt0050825,2024-06-26,2024-06-26,,"Paths of Glory","Paths of Glory",https://www.imdb.com/title/tt0050825/,Movie,8.4,88,1957,"Drama, War",213949,1957-12-20,"Stanley Kubrick",,
65,tt4633694,2024-06-26,2024-06-26,,"Spider-Man: Into the Spider-Verse","Spider-Man: Into the Spider-Verse",https://www.imdb.com/title/tt4633694/,Movie,8.4,117,2018,"Animation, Action, Adventure, Comedy, Family, Fantasy, Sci-Fi",679251,2018-12-12,"Bob Persichetti, Peter Ramsey, Rodney Rothman",,
66,tt0051201,2024-06-26,2024-06-26,,"Witness for the Prosecution","Witness for the Prosecution",https://www.imdb.com/title/tt0051201/,Movie,8.4,116,1957,"Crime, Drama, Mystery, Thriller",138933,1958-02-06,"Billy Wilder",,
67,tt0081505,2024-06-26,2024-06-26,,"The Shining","The Shining",https://www.imdb.com/title/tt0081505/,Movie,8.4,146,1980,"Drama, Horror",1114116,1980-10-05,"Stanley Kubrick",,
68,tt0032553,2024-06-26,2024-06-26,,"The Great Dictator","The Great Dictator",https://www.imdb.com/title/tt0032553/,Movie,8.4,125,1940,"Comedy, Drama, War",238503,1941-03-07,"Charles Chaplin",,
69,tt0090605,2024-06-26,2024-06-26,,"Aliens","Aliens",https://www.imdb.com/title/tt0090605/,Movie,8.4,137,1986,"Action, Adventure, Sci-Fi, Thriller",767755,1986-08-29,"James Cameron",,
70,tt0361748,2024-06-26,2024-06-26,,"Inglourious Basterds","Inglourious Basterds",https://www.imdb.com/title/tt0361748/,Movie,8.4,153,2009,"Adventure, Drama, War",1597142,2009-08-19,"Quentin Tarantino",,
71,tt1345836,2024-06-26,2024-06-26,,"The Dark Knight Rises","The Dark Knight Rises",https://www.imdb.com/title/tt1345836/,Movie,8.4,164,2012,"Action, Drama, Thriller",1838860,2012-07-20,"Christopher Nolan",,
72,tt2380307,2024-06-26,2024-06-26,,"Coco","Coco",https://www.imdb.com/title/tt2380307/,Movie,8.4,105,2017,"Animation, Adventure, Drama, Family, Fantasy, Musical, Mystery",598097,2018-01-19,"Lee Unkrich, Adrian Molina",,
73,tt0057012,2024-06-26,2024-06-26,,"Dr. Strangelove or: How I Learned to Stop Worrying and Love the Bomb","Dr. Strangelove or: How I Learned to Stop Worrying and Love the Bomb",https://www.imdb.com/title/tt0057012/,Movie,8.3,95,1964,"Comedy, War",520633,1964-01-29,"Stanley Kubrick",,
74,tt0364569,2024-06-26,2024-06-26,,"Oldboy","Oldeuboi",https://www.imdb.com/title/tt0364569/,Movie,8.3,120,2003,"Action, Drama, Mystery, Thriller",640926,2004-10-15,"Park Chan-wook",,
75,tt0086879,2024-06-26,2024-06-26,,"Amadeus","Amadeus",https://www.imdb.com/title/tt0086879/,Movie,8.4,160,1984,"Biography, Drama, Music",430733,1985-01-17,"Milos Forman",,
76,tt0169547,2024-06-26,2024-06-26,,"American Beauty","American Beauty",https://www.imdb.com/title/tt0169547/,Movie,8.3,122,1999,"Drama",1216077,2000-02-04,"Sam Mendes",,
77,tt0114709,2024-06-26,2024-06-26,,"Toy Story","Toy Story",https://www.imdb.com/title/tt0114709/,Movie,8.3,81,1995,"Animation, Adventure, Comedy, Family, Fantasy",1075318,1996-03-22,"John Lasseter",,
78,tt4154796,2024-06-26,2024-06-26,,"Avengers: Endgame","Avengers: Endgame",https://www.imdb.com/title/tt4154796/,Movie,8.4,181,2019,"Action, Adventure, Drama, Sci-Fi",1277901,2019-04-25,"Anthony Russo, Joe Russo",,
79,tt0082096,2024-06-26,2024-06-26,,"Das Boot","Das Boot",https://www.imdb.com/title/tt0082096/,Movie,8.4,149,1981,"Drama, War",265504,1982-02-17,"Wolfgang Petersen",,
80,tt0112573,2024-06-26,2024-06-26,,"Braveheart","Braveheart",https://www.imdb.com/title/tt0112573/,Movie,8.3,178,1995,"Biography, Drama, War",1096325,1995-09-08,"Mel Gibson",,
81,tt0119217,2024-06-26,2024-06-26,,"Good Will Hunting","Good Will Hunting",https://www.imdb.com/title/tt0119217/,Movie,8.3,126,1997,"Drama, Romance",1079083,1998-03-06,"Gus Van Sant",,
82,tt0119698,2024-06-26,2024-06-26,,"Princess Mononoke","Mononoke-hime",https://www.imdb.com/title/tt0119698/,Movie,8.3,134,1997,"Animation, Action, Adventure, Fantasy",437100,2001-10-19,"Hayao Miyazaki",,
83,tt7286456,2024-06-26,2024-06-26,,"Joker","Joker",https://www.imdb.com/title/tt7286456/,Movie,8.4,122,2019,"Crime, Drama, Thriller",1505822,2019-10-04,"Todd Phillips",,
84,tt5311514,2024-06-26,2024-06-26,,"Your Name.","Kimi no na wa.",https://www.imdb.com/title/tt5311514/,Movie,8.4,106,2016,"Animation, Drama, Fantasy, Romance",325302,2016-11-18,"Makoto Shinkai",,
85,tt0057565,2024-06-26,2024-06-26,,"High and Low","Tengoku to jigoku",https://www.imdb.com/title/tt0057565/,Movie,8.4,143,1963,"Crime, Drama, Mystery, Thriller",53947,1967-04,"Akira Kurosawa",,
86,tt0087843,2024-06-26,2024-06-26,,"Once Upon a Time in America","Once Upon a Time in America",https://www.imdb.com/title/tt0087843/,Movie,8.3,229,1984,"Crime, Drama",380021,1984-10-05,"Sergio Leone",,
87,tt1187043,2024-06-26,2024-06-26,,"3 Idiots","3 Idiots",https://www.imdb.com/title/tt1187043/,Movie,8.4,170,2009,"Comedy, Drama",437945,2009-12-24,"Rajkumar Hirani",,
88,tt0045152,2024-06-26,2024-06-26,,"Singin' in the Rain","Singin' in the Rain",https://www.imdb.com/title/tt0045152/,Movie,8.3,103,1952,"Comedy, Musical, Romance",262232,1952-04-10,"Stanley Donen, Gene Kelly",,
89,tt8267604,2024-06-26,2024-06-26,,"Capernaum","Capharnaüm",https://www.imdb.com/title/tt8267604/,Movie,8.4,126,2018,"Drama",106840,2019-02-22,"Nadine Labaki",,
90,tt0091251,2024-06-26,2024-06-26,,"Come and See","Idi i smotri",https://www.imdb.com/title/tt0091251/,Movie,8.4,142,1985,"Drama, Thriller, War",98869,1985-09-03,"Elem Klimov",,
91,tt0180093,2024-06-26,2024-06-26,,"Requiem for a Dream","Requiem for a Dream",https://www.imdb.com/title/tt0180093/,Movie,8.3,102,2000,"Drama",903644,2001-01-19,"Darren Aronofsky",,
92,tt0435761,2024-06-26,2024-06-26,,"Toy Story 3","Toy Story 3",https://www.imdb.com/title/tt0435761/,Movie,8.3,103,2010,"Animation, Adventure, Comedy, Family, Fantasy",897347,2010-07-19,"Lee Unkrich",,
93,tt0086190,2024-06-26,2024-06-26,,"Star Wars: Episode VI - Return of the Jedi","Star Wars: Episode VI - Return of the Jedi",https://www.imdb.com/title/tt0086190/,Movie,8.3,131,1983,"Action, Adventure, Fantasy, Sci-Fi",1127976,1983-06-02,"Richard Marquand",,
94,tt0338013,2024-06-26,2024-06-26,,"Eternal Sunshine of the Spotless Mind","Eternal Sunshine of the Spotless Mind",https://www.imdb.com/title/tt0338013/,Movie,8.3,108,2004,"Drama, Romance, Sci-Fi",1084329,2004-04-30,"Michel Gondry",,
95,tt2106476,2024-06-26,2024-06-26,,"The Hunt","Jagten",https://www.imdb.com/title/tt2106476/,Movie,8.3,115,2012,"Drama",367250,2013-01-10,"Thomas Vinterberg",,
96,tt0062622,2024-06-26,2024-06-26,,"2001: A Space Odyssey","2001: A Space Odyssey",https://www.imdb.com/title/tt0062622/,Movie,8.3,149,1968,"Adventure, Sci-Fi",723832,1968-05-12,"Stanley Kubrick",,
97,tt0105236,2024-06-26,2024-06-26,,"Reservoir Dogs","Reservoir Dogs",https://www.imdb.com/title/tt0105236/,Movie,8.3,99,1992,"Crime, Thriller",1094311,1993-01-15,"Quentin Tarantino",,
98,tt0044741,2024-06-26,2024-06-26,,"Ikiru","Ikiru",https://www.imdb.com/title/tt0044741/,Movie,8.3,143,1952,"Drama",88333,1952-10-09,"Akira Kurosawa",,
99,tt15398776,2024-06-26,2024-06-26,,"Oppenheimer","Oppenheimer",https://www.imdb.com/title/tt15398776/,Movie,8.3,180,2023,"Biography, Drama, History",758905,2023-07-21,"Christopher Nolan",,
100,tt0056172,2024-06-26,2024-06-26,,"Lawrence of Arabia","Lawrence of Arabia",https://www.imdb.com/title/tt0056172/,Movie,8.3,218,1962,"Adventure, Biography, Drama, War",316149,1962-12-11,"David Lean",,
101,tt0053604,2024-06-26,2024-06-26,,"The Apartment","The Apartment",https://www.imdb.com/title/tt0053604/,Movie,8.3,125,1960,"Comedy, Drama, Romance",198218,1960-06-29,"Billy Wilder",,
102,tt1255953,2024-06-26,2024-06-26,,"Incendies","Incendies",https://www.imdb.com/title/tt1255953/,Movie,8.3,131,2010,"Drama, Mystery, War",204102,2011-06-24,"Denis Villeneuve",,
103,tt0053125,2024-06-26,2024-06-26,,"North by Northwest","North by Northwest",https://www.imdb.com/title/tt0053125/,Movie,8.3,136,1959,"Action, Adventure, Mystery, Thriller",347845,1959-11-20,"Alfred Hitchcock",,
104,tt0033467,2024-06-26,2024-06-26,,"Citizen Kane","Citizen Kane",https://www.imdb.com/title/tt0033467/,Movie,8.3,119,1941,"Drama, Mystery",467867,1941-09-05,"Orson Welles",,
105,tt0022100,2024-06-26,2024-06-26,,"M","M - Eine Stadt sucht einen Mörder",https://www.imdb.com/title/tt0022100/,Movie,8.3,117,1931,"Crime, Mystery, Thriller",169439,1931-08-31,"Fritz Lang",,
106,tt0086250,2024-06-26,2024-06-26,,"Scarface","Scarface",https://www.imdb.com/title/tt0086250/,Movie,8.3,170,1983,"Crime, Drama",922901,1984-02-10,"Brian De Palma",,
107,tt0036775,2024-06-26,2024-06-26,,"Double Indemnity","Double Indemnity",https://www.imdb.com/title/tt0036775/,Movie,8.3,107,1944,"Crime, Drama, Film-Noir, Mystery, Thriller",168327,1944-09-15,"Billy Wilder",,
108,tt0052357,2024-06-26,2024-06-26,,"Vertigo","Vertigo",https://www.imdb.com/title/tt0052357/,Movie,8.3,128,1958,"Mystery, Romance, Thriller",429667,1958-08-07,"Alfred Hitchcock",,
109,tt0093058,2024-06-26,2024-06-26,,"Full Metal Jacket","Full Metal Jacket",https://www.imdb.com/title/tt0093058/,Movie,8.3,116,1987,"Drama, War",794569,1987-09-11,"Stanley Kubrick",,
110,tt0211915,2024-06-26,2024-06-26,,"Amélie","Le fabuleux destin d'Amélie Poulain",https://www.imdb.com/title/tt0211915/,Movie,8.3,122,2001,"Comedy, Romance",797376,2001-10-05,"Jean-Pierre Jeunet",,
111,tt0113277,2024-06-26,2024-06-26,,"Heat","Heat",https://www.imdb.com/title/tt0113277/,Movie,8.3,170,1995,"Action, Crime, Drama",724190,1996-02-02,"Michael Mann",,
112,tt1049413,2024-06-26,2024-06-26,,"Up","Up",https://www.imdb.com/title/tt1049413/,Movie,8.3,96,2009,"Animation, Adventure, Comedy, Drama, Family",1132492,2009-10-09,"Pete Docter, Bob Peterson",,
113,tt0066921,2024-06-26,2024-06-26,,"A Clockwork Orange","A Clockwork Orange",https://www.imdb.com/title/tt0066921/,Movie,8.3,136,1971,"Crime, Sci-Fi",885299,1972-01-13,"Stanley Kubrick",,
114,tt0056592,2024-06-26,2024-06-26,,"To Kill a Mockingbird","To Kill a Mockingbird",https://www.imdb.com/title/tt0056592/,Movie,8.3,129,1962,"Crime, Drama",334359,1963-03-16,"Robert Mulligan",,
115,tt1832382,2024-06-26,2024-06-26,,"A Separation","Jodaeiye Nader az Simin",https://www.imdb.com/title/tt1832382/,Movie,8.3,123,2011,"Drama",259829,2011-03-16,"Asghar Farhadi",,
116,tt0070735,2024-06-26,2024-06-26,,"The Sting","The Sting",https://www.imdb.com/title/tt0070735/,Movie,8.3,129,1973,"Comedy, Crime, Drama",281104,1973-12-26,"George Roy Hill",,
117,tt0097576,2024-06-26,2024-06-26,,"Indiana Jones and the Last Crusade","Indiana Jones and the Last Crusade",https://www.imdb.com/title/tt0097576/,Movie,8.2,127,1989,"Action, Adventure",815055,1989-06-30,"Steven Spielberg",,
118,tt0095016,2024-06-26,2024-06-26,,"Die Hard","Die Hard",https://www.imdb.com/title/tt0095016/,Movie,8.2,132,1988,"Action, Thriller",950666,1989-02-03,"John McTiernan",,
119,tt0986264,2024-06-26,2024-06-26,,"Like Stars on Earth","Taare Zameen Par",https://www.imdb.com/title/tt0986264/,Movie,8.3,162,2007,"Drama, Family",208061,2007-12-21,"Aamir Khan, Amole Gupte",,
120,tt0017136,2024-06-26,2024-06-26,,"Metropolis","Metropolis",https://www.imdb.com/title/tt0017136/,Movie,8.3,153,1927,"Drama, Sci-Fi",186510,1927-09-26,"Fritz Lang",,
121,tt0208092,2024-06-26,2024-06-26,,"Snatch","Snatch",https://www.imdb.com/title/tt0208092/,Movie,8.2,104,2000,"Comedy, Crime",915443,2000-09-01,"Guy Ritchie",,
122,tt8579674,2024-06-26,2024-06-26,,"1917","1917",https://www.imdb.com/title/tt8579674/,Movie,8.2,119,2019,"Action, Drama, History, War",683869,2020-01-10,"Sam Mendes",,
123,tt0119488,2024-06-26,2024-06-26,,"L.A. Confidential","L.A. Confidential",https://www.imdb.com/title/tt0119488/,Movie,8.2,138,1997,"Crime, Drama, Mystery, Thriller",621424,1997-10-31,"Curtis Hanson",,
124,tt8503618,2024-06-26,2024-06-26,,"Hamilton","Hamilton",https://www.imdb.com/title/tt8503618/,Movie,8.3,160,2020,"Biography, Drama, History, Musical",115268,2020-07-03,"Thomas Kail",,
125,tt0040522,2024-06-26,2024-06-26,,"Bicycle Thieves","Ladri di biciclette",https://www.imdb.com/title/tt0040522/,Movie,8.3,89,1948,"Drama",176211,1948-11-24,"Vittorio De Sica",,
126,tt0075314,2024-06-26,2024-06-26,,"Taxi Driver","Taxi Driver",https://www.imdb.com/title/tt0075314/,Movie,8.2,114,1976,"Crime, Drama",927798,1976-08-19,"Martin Scorsese",,
127,tt0363163,2024-06-26,2024-06-26,,"Downfall","Der Untergang",https://www.imdb.com/title/tt0363163/,Movie,8.2,156,2004,"Biography, Drama, History, War",376906,2005-04-01,"Oliver Hirschbiegel",,
128,tt5074352,2024-06-26,2024-06-26,,"Dangal","Dangal",https://www.imdb.com/title/tt5074352/,Movie,8.3,161,2016,"Action, Biography, Drama, Sport",212803,2016-12-22,"Nitesh Tiwari",,
129,tt0059578,2024-06-26,2024-06-26,,"For a Few Dollars More","Per qualche dollaro in più",https://www.imdb.com/title/tt0059578/,Movie,8.2,132,1965,"Drama, Western",276408,1967-10-11,"Sergio Leone",,
130,tt0372784,2024-06-26,2024-06-26,,"Batman Begins","Batman Begins",https://www.imdb.com/title/tt0372784/,Movie,8.2,140,2005,"Action, Crime, Drama",1588233,2005-06-16,"Christopher Nolan",,
131,tt0993846,2024-06-26,2024-06-26,,"The Wolf of Wall Street","The Wolf of Wall Street",https://www.imdb.com/title/tt0993846/,Movie,8.2,180,2013,"Biography, Comedy, Crime, Drama",1597358,2014-01-17,"Martin Scorsese",,
132,tt0053291,2024-06-26,2024-06-26,,"Some Like It Hot","Some Like It Hot",https://www.imdb.com/title/tt0053291/,Movie,8.2,121,1959,"Comedy, Music, Romance",284994,1959-03-19,"Billy Wilder",,
133,tt6966692,2024-06-26,2024-06-26,,"Green Book","Green Book",https://www.imdb.com/title/tt6966692/,Movie,8.2,130,2018,"Biography, Comedy, Drama, Music",580356,2019-01-30,"Peter Farrelly",,
134,tt0012349,2024-06-26,2024-06-26,,"The Kid","The Kid",https://www.imdb.com/title/tt0012349/,Movie,8.2,68,1921,"Comedy, Drama, Family",135570,1921-03-12,"Charles Chaplin",,
135,tt10272386,2024-06-26,2024-06-26,,"The Father","The Father",https://www.imdb.com/title/tt10272386/,Movie,8.2,97,2020,"Drama, Mystery",195760,2021-06-11,"Florian Zeller",,
136,tt0055031,2024-06-26,2024-06-26,,"Judgment at Nuremberg","Judgment at Nuremberg",https://www.imdb.com/title/tt0055031/,Movie,8.3,179,1961,"Drama, War",86130,1961-12-19,"Stanley Kramer",,
137,tt0120382,2024-06-26,2024-06-26,,"The Truman Show","The Truman Show",https://www.imdb.com/title/tt0120382/,Movie,8.2,103,1998,"Comedy, Drama",1206988,1998-10-09,"Peter Weir",,
138,tt0042192,2024-06-26,2024-06-26,,"All About Eve","All About Eve",https://www.imdb.com/title/tt0042192/,Movie,8.2,138,1950,"Drama",139488,1950-10-27,"Joseph L. Mankiewicz",,
139,tt1130884,2024-06-26,2024-06-26,,"Shutter Island","Shutter Island",https://www.imdb.com/title/tt1130884/,Movie,8.2,138,2010,"Drama, Mystery, Thriller",1469206,2010-03-12,"Martin Scorsese",,
140,tt1745960,2024-06-26,2024-06-26,,"Top Gun: Maverick","Top Gun: Maverick",https://www.imdb.com/title/tt1745960/,Movie,8.2,130,2022,"Action, Drama",711663,2022-05-27,"Joseph Kosinski",,
141,tt0469494,2024-06-26,2024-06-26,,"There Will Be Blood","There Will Be Blood",https://www.imdb.com/title/tt0469494/,Movie,8.2,158,2007,"Drama",644945,2008-02-15,"Paul Thomas Anderson",,
142,tt0112641,2024-06-26,2024-06-26,,"Casino","Casino",https://www.imdb.com/title/tt0112641/,Movie,8.2,178,1995,"Crime, Drama",567772,1996-02-23,"Martin Scorsese",,
143,tt0107290,2024-06-26,2024-06-26,,"Jurassic Park","Jurassic Park",https://www.imdb.com/title/tt0107290/,Movie,8.2,127,1993,"Action, Adventure, Sci-Fi, Thriller",1074760,1993-07-16,"Steven Spielberg",,
144,tt0089881,2024-06-26,2024-06-26,,"Ran","Ran",https://www.imdb.com/title/tt0089881/,Movie,8.2,160,1985,"Action, Drama, War",137127,1986-03-07,"Akira Kurosawa",,
145,tt0167404,2024-06-26,2024-06-26,,"The Sixth Sense","The Sixth Sense",https://www.imdb.com/title/tt0167404/,Movie,8.2,107,1999,"Drama, Mystery, Thriller",1057575,1999-11-05,"M. Night Shyamalan",,
146,tt0457430,2024-06-26,2024-06-26,,"Pan's Labyrinth","El laberinto del fauno",https://www.imdb.com/title/tt0457430/,Movie,8.2,118,2006,"Drama, Fantasy, War",705826,2006-11-24,"Guillermo del Toro",,
147,tt0105695,2024-06-26,2024-06-26,,"Unforgiven","Unforgiven",https://www.imdb.com/title/tt0105695/,Movie,8.2,130,1992,"Drama, Western",438467,1992-09-18,"Clint Eastwood",,
148,tt0477348,2024-06-26,2024-06-26,,"No Country for Old Men","No Country for Old Men",https://www.imdb.com/title/tt0477348/,Movie,8.2,122,2007,"Crime, Drama, Thriller",1068762,2008-01-18,"Ethan Coen, Joel Coen",,
149,tt0268978,2024-06-26,2024-06-26,,"A Beautiful Mind","A Beautiful Mind",https://www.imdb.com/title/tt0268978/,Movie,8.2,135,2001,"Biography, Drama, Mystery",992136,2002-02-22,"Ron Howard",,
150,tt0084787,2024-06-26,2024-06-26,,"The Thing","The Thing",https://www.imdb.com/title/tt0084787/,Movie,8.2,109,1982,"Horror, Mystery, Sci-Fi",470399,1982-08-26,"John Carpenter",,
151,tt0266697,2024-06-26,2024-06-26,,"Kill Bill: Vol. 1","Kill Bill: Vol. 1",https://www.imdb.com/title/tt0266697/,Movie,8.2,111,2003,"Action, Crime, Thriller",1202677,2003-10-17,"Quentin Tarantino",,
152,tt0040897,2024-06-26,2024-06-26,,"The Treasure of the Sierra Madre","The Treasure of the Sierra Madre",https://www.imdb.com/title/tt0040897/,Movie,8.2,126,1948,"Adventure, Drama, Western",132993,1948-01-24,"John Huston",,
153,tt0055630,2024-06-26,2024-06-26,,"Yojimbo","Yôjinbô",https://www.imdb.com/title/tt0055630/,Movie,8.2,110,1961,"Action, Drama, Thriller",132130,1961-04-25,"Akira Kurosawa",,
154,tt0071853,2024-06-26,2024-06-26,,"Monty Python and the Holy Grail","Monty Python and the Holy Grail",https://www.imdb.com/title/tt0071853/,Movie,8.2,91,1975,"Adventure, Comedy, Fantasy",572668,1975-05-25,"Terry Gilliam, Terry Jones",,
155,tt0057115,2024-06-26,2024-06-26,,"The Great Escape","The Great Escape",https://www.imdb.com/title/tt0057115/,Movie,8.2,172,1963,"Adventure, Drama, Thriller, War",260222,1963-09-08,"John Sturges",,
156,tt0266543,2024-06-26,2024-06-26,,"Finding Nemo","Finding Nemo",https://www.imdb.com/title/tt0266543/,Movie,8.2,100,2003,"Animation, Adventure, Comedy, Family",1119391,2003-10-10,"Andrew Stanton, Lee Unkrich",,
157,tt1392214,2024-06-26,2024-06-26,,"Prisoners","Prisoners",https://www.imdb.com/title/tt1392214/,Movie,8.2,153,2013,"Crime, Drama, Mystery, Thriller",817214,2013-09-27,"Denis Villeneuve",,
158,tt0347149,2024-06-26,2024-06-26,,"Howl's Moving Castle","Hauru no ugoku shiro",https://www.imdb.com/title/tt0347149/,Movie,8.2,119,2004,"Animation, Adventure, Family, Fantasy",454109,2005-09-23,"Hayao Miyazaki",,
159,tt0042876,2024-06-26,2024-06-26,,"Rashomon","Rashômon",https://www.imdb.com/title/tt0042876/,Movie,8.2,88,1950,"Crime, Drama, Mystery",181588,1950-08-26,"Akira Kurosawa",,
160,tt0080678,2024-06-26,2024-06-26,,"The Elephant Man","The Elephant Man",https://www.imdb.com/title/tt0080678/,Movie,8.2,124,1980,"Biography, Drama",259658,1980-10-16,"David Lynch",,
161,tt0046912,2024-06-26,2024-06-26,,"Dial M for Murder","Dial M for Murder",https://www.imdb.com/title/tt0046912/,Movie,8.2,105,1954,"Crime, Thriller",189992,1954-05-29,"Alfred Hitchcock",,
162,tt0071315,2024-06-26,2024-06-26,,"Chinatown","Chinatown",https://www.imdb.com/title/tt0071315/,Movie,8.1,130,1974,"Drama, Mystery, Thriller",351944,1974-08-09,"Roman Polanski",,
163,tt0031381,2024-06-26,2024-06-26,,"Gone with the Wind","Gone with the Wind",https://www.imdb.com/title/tt0031381/,Movie,8.2,238,1939,"Drama, Romance, War",335828,1940-01-17,"Victor Fleming, George Cukor, Sam Wood",,
164,tt0120735,2024-06-26,2024-06-26,,"Lock, Stock and Two Smoking Barrels","Lock, Stock and Two Smoking Barrels",https://www.imdb.com/title/tt0120735/,Movie,8.1,107,1998,"Action, Comedy, Crime",619101,1998-08-28,"Guy Ritchie",,
165,tt0434409,2024-06-26,2024-06-26,,"V for Vendetta","V for Vendetta",https://www.imdb.com/title/tt0434409/,Movie,8.2,132,2005,"Action, Drama, Sci-Fi, Thriller",1184194,2006-03-17,"James McTeigue",,
166,tt1305806,2024-06-26,2024-06-26,,"The Secret in Their Eyes","El secreto de sus ojos",https://www.imdb.com/title/tt1305806/,Movie,8.2,129,2009,"Drama, Mystery, Romance, Thriller",223587,2010-08-13,"Juan José Campanella",,
167,tt2096673,2024-06-26,2024-06-26,,"Inside Out","Inside Out",https://www.imdb.com/title/tt2096673/,Movie,8.1,95,2015,"Animation, Adventure, Comedy, Drama, Family, Fantasy",800129,2015-07-24,"Pete Docter, Ronnie Del Carmen",,
168,tt0081398,2024-06-26,2024-06-26,,"Raging Bull","Raging Bull",https://www.imdb.com/title/tt0081398/,Movie,8.1,129,1980,"Biography, Drama, Sport",382245,1981-02-19,"Martin Scorsese",,
169,tt5027774,2024-06-26,2024-06-26,,"Three Billboards Outside Ebbing, Missouri","Three Billboards Outside Ebbing, Missouri",https://www.imdb.com/title/tt5027774/,Movie,8.1,115,2017,"Comedy, Crime, Drama",558538,2018-01-12,"Martin McDonagh",,
170,tt0117951,2024-06-26,2024-06-26,,"Trainspotting","Trainspotting",https://www.imdb.com/title/tt0117951/,Movie,8.1,93,1996,"Drama",729182,1996-02-23,"Danny Boyle",,
171,tt0050212,2024-06-26,2024-06-26,,"The Bridge on the River Kwai","The Bridge on the River Kwai",https://www.imdb.com/title/tt0050212/,Movie,8.1,161,1957,"Adventure, Drama, War",234444,1957-10-11,"David Lean",,
172,tt4729430,2024-06-26,2024-06-26,,"Klaus","Klaus",https://www.imdb.com/title/tt4729430/,Movie,8.2,96,2019,"Animation, Adventure, Comedy, Family, Fantasy",191504,2019-11-15,"Sergio Pablos, Carlos Martínez López",,
173,tt0116282,2024-06-26,2024-06-26,,"Fargo","Fargo",https://www.imdb.com/title/tt0116282/,Movie,8.1,98,1996,"Crime, Thriller",730442,1996-05-31,"Joel Coen, Ethan Coen",,
174,tt0264464,2024-06-26,2024-06-26,,"Catch Me If You Can","Catch Me If You Can",https://www.imdb.com/title/tt0264464/,Movie,8.1,141,2002,"Biography, Crime, Drama",1105099,2003-01-31,"Steven Spielberg",,
175,tt10872600,2024-06-26,2024-06-26,,"Spider-Man: No Way Home","Spider-Man: No Way Home",https://www.imdb.com/title/tt10872600/,Movie,8.2,148,2021,"Action, Adventure, Fantasy, Sci-Fi",889494,2021-12-15,"Jon Watts",,
176,tt1291584,2024-06-26,2024-06-26,,"Warrior","Warrior",https://www.imdb.com/title/tt1291584/,Movie,8.1,140,2011,"Action, Drama, Sport",500170,2011-09-23,"Gavin O'Connor",,
177,tt1205489,2024-06-26,2024-06-26,,"Gran Torino","Gran Torino",https://www.imdb.com/title/tt1205489/,Movie,8.1,116,2008,"Drama",818334,2009-02-27,"Clint Eastwood",,
178,tt1201607,2024-06-26,2024-06-26,,"Harry Potter and the Deathly Hallows: Part 2","Harry Potter and the Deathly Hallows - Part 2",https://www.imdb.com/title/tt1201607/,Movie,8.1,130,2011,"Adventure, Family, Fantasy, Mystery",954386,2011-07-15,"David Yates",,
179,tt0405159,2024-06-26,2024-06-26,,"Million Dollar Baby","Million Dollar Baby",https://www.imdb.com/title/tt0405159/,Movie,8.1,132,2004,"Drama, Sport",724932,2005-01-14,"Clint Eastwood",,
180,tt0096283,2024-06-26,2024-06-26,,"My Neighbour Totoro","Tonari no Totoro",https://www.imdb.com/title/tt0096283/,Movie,8.1,86,1988,"Animation, Comedy, Family, Fantasy",383960,1989-11-17,"Hayao Miyazaki",,
181,tt0118849,2024-06-26,2024-06-26,,"Children of Heaven","Bacheha-Ye aseman",https://www.imdb.com/title/tt0118849/,Movie,8.2,89,1997,"Drama, Family, Sport",81415,1997,"Majid Majidi",,
182,tt2024544,2024-06-26,2024-06-26,,"12 Years a Slave","12 Years a Slave",https://www.imdb.com/title/tt2024544/,Movie,8.1,134,2013,"Biography, Drama, History",744296,2014-01-10,"Steve McQueen",,
183,tt0083658,2024-06-26,2024-06-26,,"Blade Runner","Blade Runner",https://www.imdb.com/title/tt0083658/,Movie,8.1,117,1982,"Action, Drama, Sci-Fi, Thriller",827104,1982-09-09,"Ridley Scott",,
184,tt0052618,2024-06-26,2024-06-26,,"Ben-Hur","Ben-Hur",https://www.imdb.com/title/tt0052618/,Movie,8.1,212,1959,"Adventure, Drama",254801,1960-03-27,"William Wyler",,
185,tt0112471,2024-06-26,2024-06-26,,"Before Sunrise","Before Sunrise",https://www.imdb.com/title/tt0112471/,Movie,8.1,101,1995,"Drama, Romance",342191,1995-04-20,"Richard Linklater",,
186,tt0072684,2024-06-26,2024-06-26,,"Barry Lyndon","Barry Lyndon",https://www.imdb.com/title/tt0072684/,Movie,8.1,185,1975,"Adventure, Drama, War",184377,1975-12-18,"Stanley Kubrick",,
187,tt2278388,2024-06-26,2024-06-26,,"The Grand Budapest Hotel","The Grand Budapest Hotel",https://www.imdb.com/title/tt2278388/,Movie,8.1,99,2014,"Adventure, Comedy, Crime",891952,2014-03-07,"Wes Anderson",,
188,tt1392190,2024-06-26,2024-06-26,,"Mad Max: Fury Road","Mad Max: Fury Road",https://www.imdb.com/title/tt1392190/,Movie,8.1,120,2015,"Action, Adventure, Sci-Fi, Thriller",1110974,2015-05-14,"George Miller",,
189,tt2267998,2024-06-26,2024-06-26,,"Gone Girl","Gone Girl",https://www.imdb.com/title/tt2267998/,Movie,8.1,149,2014,"Drama, Mystery, Thriller",1075203,2014-10-02,"David Fincher",,
190,tt2119532,2024-06-26,2024-06-26,,"Hacksaw Ridge","Hacksaw Ridge",https://www.imdb.com/title/tt2119532/,Movie,8.1,139,2016,"Biography, Drama, History, War",600666,2017-01-26,"Mel Gibson",,
191,tt0097165,2024-06-26,2024-06-26,,"Dead Poets Society","Dead Poets Society",https://www.imdb.com/title/tt0097165/,Movie,8.1,128,1989,"Comedy, Drama",551567,1989-09-22,"Peter Weir",,
192,tt0015864,2024-06-26,2024-06-26,,"The Gold Rush","The Gold Rush",https://www.imdb.com/title/tt0015864/,Movie,8.1,95,1925,"Adventure, Comedy, Drama, Romance, Western",119259,1925-08-16,"Charles Chaplin",,
193,tt0353969,2024-06-26,2024-06-26,,"Memories of Murder","Salinui chueok",https://www.imdb.com/title/tt0353969/,Movie,8.1,131,2003,"Crime, Drama, Mystery, Thriller",219265,2004-08-13,"Bong Joon Ho",,
194,tt0107207,2024-06-26,2024-06-26,,"In the Name of the Father","In the Name of the Father",https://www.imdb.com/title/tt0107207/,Movie,8.1,133,1993,"Biography, Crime, Drama",188108,1994-02-11,"Jim Sheridan",,
195,tt3011894,2024-06-26,2024-06-26,,"Wild Tales","Relatos salvajes",https://www.imdb.com/title/tt3011894/,Movie,8.1,122,2014,"Comedy, Drama, Thriller",217999,2015-03-27,"Damián Szifron",,
196,tt0198781,2024-06-26,2024-06-26,,"Monsters, Inc.","Monsters, Inc.",https://www.imdb.com/title/tt0198781/,Movie,8.1,92,2001,"Animation, Adventure, Comedy, Family, Fantasy",985602,2002-02-08,"Pete Docter, David Silverman, Lee Unkrich",,
197,tt0077416,2024-06-26,2024-06-26,,"The Deer Hunter","The Deer Hunter",https://www.imdb.com/title/tt0077416/,Movie,8.1,183,1978,"Drama, War",364249,1979-02-28,"Michael Cimino",,
198,tt0017925,2024-06-26,2024-06-26,,"The General","The General",https://www.imdb.com/title/tt0017925/,Movie,8.1,78,1926,"Action, Adventure, Comedy, Drama, War",98686,1927-04-18,"Clyde Bruckman, Buster Keaton",,
199,tt0047296,2024-06-26,2024-06-26,,"On the Waterfront","On the Waterfront",https://www.imdb.com/title/tt0047296/,Movie,8.1,108,1954,"Crime, Drama, Thriller",165939,1954-06-22,"Elia Kazan",,
200,tt0015324,2024-06-26,2024-06-26,,"Sherlock Jr.","Sherlock Jr.",https://www.imdb.com/title/tt0015324/,Movie,8.2,45,1924,"Action, Comedy, Romance",57623,1924-05-11,"Buster Keaton",,
201,tt0892769,2024-06-26,2024-06-26,,"How to Train Your Dragon","How to Train Your Dragon",https://www.imdb.com/title/tt0892769/,Movie,8.1,98,2010,"Animation, Action, Adventure, Family, Fantasy",805751,2010-03-31,"Dean DeBlois, Chris Sanders",,
202,tt0073195,2024-06-26,2024-06-26,,"Jaws","Jaws",https://www.imdb.com/title/tt0073195/,Movie,8.1,124,1975,"Adventure, Mystery, Thriller",664471,1975-12-26,"Steven Spielberg",,
203,tt0978762,2024-06-26,2024-06-26,,"Mary and Max","Mary and Max.",https://www.imdb.com/title/tt0978762/,Movie,8.1,92,2009,"Animation, Comedy, Drama",187542,2009-04-09,"Adam Elliot",,
204,tt0041959,2024-06-26,2024-06-26,,"The Third Man","The Third Man",https://www.imdb.com/title/tt0041959/,Movie,8.1,104,1949,"Film-Noir, Mystery, Thriller",182808,1950-02-01,"Carol Reed",,
205,tt0046268,2024-06-26,2024-06-26,,"The Wages of Fear","Le salaire de la peur",https://www.imdb.com/title/tt0046268/,Movie,8.1,131,1953,"Adventure, Drama, Thriller",67055,1953-04-22,"Henri-Georges Clouzot",,
206,tt0382932,2024-06-26,2024-06-26,,"Ratatouille","Ratatouille",https://www.imdb.com/title/tt0382932/,Movie,8.1,111,2007,"Animation, Adventure, Comedy, Family, Fantasy",833320,2007-10-12,"Brad Bird, Jan Pinkava",,
207,tt0050986,2024-06-26,2024-06-26,,"Wild Strawberries","Smultronstället",https://www.imdb.com/title/tt0050986/,Movie,8.1,91,1957,"Drama, Romance",115635,1957-12-26,"Ingmar Bergman",,
208,tt0031679,2024-06-26,2024-06-26,,"Mr. Smith Goes to Washington","Mr. Smith Goes to Washington",https://www.imdb.com/title/tt0031679/,Movie,8.1,129,1939,"Comedy, Drama",121907,1939-10-19,"Frank Capra",,
209,tt1950186,2024-06-26,2024-06-26,,"Le Mans '66","Ford v Ferrari",https://www.imdb.com/title/tt1950186/,Movie,8.1,152,2019,"Action, Biography, Drama, Sport",483278,2019-11-15,"James Mangold",,
210,tt0046438,2024-06-26,2024-06-26,,"Tokyo Story","Tôkyô monogatari",https://www.imdb.com/title/tt0046438/,Movie,8.1,136,1953,"Drama",69190,1965,"Yasujirô Ozu",,
211,tt0118715,2024-06-26,2024-06-26,,"The Big Lebowski","The Big Lebowski",https://www.imdb.com/title/tt0118715/,Movie,8.1,117,1998,"Comedy, Crime",864678,1998-04-24,"Joel Coen, Ethan Coen",,
212,tt0075148,2024-06-26,2024-06-26,,"Rocky","Rocky",https://www.imdb.com/title/tt0075148/,Movie,8.1,120,1976,"Drama, Sport",632259,1977-04-21,"John G. Avildsen",,
213,tt0050976,2024-06-26,2024-06-26,,"The Seventh Seal","Det sjunde inseglet",https://www.imdb.com/title/tt0050976/,Movie,8.1,96,1957,"Drama, Fantasy",199725,1957-02-16,"Ingmar Bergman",,
214,tt3170832,2024-06-26,2024-06-26,,"Room","Room",https://www.imdb.com/title/tt3170832/,Movie,8.1,118,2015,"Drama, Thriller",452968,2016-01-15,"Lenny Abrahamson",,
215,tt3315342,2024-06-26,2024-06-26,,"Logan","Logan",https://www.imdb.com/title/tt3315342/,Movie,8.1,137,2017,"Action, Drama, Sci-Fi, Thriller",838432,2017-03-01,"James Mangold",,
216,tt1895587,2024-06-26,2024-06-26,,"Spotlight","Spotlight",https://www.imdb.com/title/tt1895587/,Movie,8.1,129,2015,"Biography, Crime, Drama",504347,2016-01-29,"Tom McCarthy",,
217,tt0395169,2024-06-26,2024-06-26,,"Hotel Rwanda","Hotel Rwanda",https://www.imdb.com/title/tt0395169/,Movie,8.1,121,2004,"Biography, Drama, History, War",373514,2005-03-04,"Terry George",,
218,tt0088247,2024-06-26,2024-06-26,,"The Terminator","The Terminator",https://www.imdb.com/title/tt0088247/,Movie,8.1,107,1984,"Action, Adventure, Sci-Fi",930016,1985-01-11,"James Cameron",,
219,tt0091763,2024-06-26,2024-06-26,,"Platoon","Platoon",https://www.imdb.com/title/tt0091763/,Movie,8.1,120,1986,"Drama, War",441979,1987-04-24,"Oliver Stone",,
220,tt0019254,2024-06-26,2024-06-26,,"The Passion of Joan of Arc","La passion de Jeanne d'Arc",https://www.imdb.com/title/tt0019254/,Movie,8.1,110,1928,"Biography, Drama, History",61147,1930-01-06,"Carl Theodor Dreyer",,
221,tt0113247,2024-06-26,2024-06-26,,"La haine","La haine",https://www.imdb.com/title/tt0113247/,Movie,8.1,98,1995,"Crime, Drama",198363,1995-11-17,"Mathieu Kassovitz",,
222,tt0381681,2024-06-26,2024-06-26,,"Before Sunset","Before Sunset",https://www.imdb.com/title/tt0381681/,Movie,8.1,80,2004,"Drama, Romance",289992,2004-07-23,"Richard Linklater",,
223,tt0325980,2024-06-26,2024-06-26,,"Pirates of the Caribbean: The Curse of the Black Pearl","Pirates of the Caribbean: The Curse of the Black Pearl",https://www.imdb.com/title/tt0325980/,Movie,8.1,143,2003,"Action, Adventure, Fantasy",1218313,2003-08-08,"Gore Verbinski",,
224,tt0036868,2024-06-26,2024-06-26,,"The Best Years of Our Lives","The Best Years of Our Lives",https://www.imdb.com/title/tt0036868/,Movie,8.1,170,1946,"Drama, Romance, War",71045,1947-05-29,"William Wyler",,
225,tt15097216,2024-06-26,2024-06-26,,"Jai Bhim","Jai Bhim",https://www.imdb.com/title/tt15097216/,Movie,8.7,164,2021,"Crime, Drama, Mystery",218227,2021-11-02,"T.J. Gnanavel",,
226,tt0070047,2024-06-26,2024-06-26,,"The Exorcist","The Exorcist",https://www.imdb.com/title/tt0070047/,Movie,8.1,122,1973,"Horror",458114,1974-09-22,"William Friedkin",,
227,tt1979320,2024-06-26,2024-06-26,,"Rush","Rush",https://www.imdb.com/title/tt1979320/,Movie,8.1,123,2013,"Action, Biography, Drama, Sport",516856,2013-09-13,"Ron Howard",,
228,tt0074958,2024-06-26,2024-06-26,,"Network","Network",https://www.imdb.com/title/tt0074958/,Movie,8.1,121,1976,"Drama",171522,1977-02-20,"Sidney Lumet",,
229,tt0032138,2024-06-26,2024-06-26,,"The Wizard of Oz","The Wizard of Oz",https://www.imdb.com/title/tt0032138/,Movie,8.1,102,1939,"Adventure, Family, Fantasy, Musical",430886,1940-01-26,"Victor Fleming, King Vidor",,
230,tt0092005,2024-06-26,2024-06-26,,"Stand by Me","Stand by Me",https://www.imdb.com/title/tt0092005/,Movie,8.1,89,1986,"Adventure, Comedy, Drama",444643,1987-03-13,"Rob Reiner",,
231,tt0317705,2024-06-26,2024-06-26,,"The Incredibles","The Incredibles",https://www.imdb.com/title/tt0317705/,Movie,8.0,115,2004,"Animation, Action, Adventure, Family",815190,2004-12-25,"Brad Bird",,
232,tt1028532,2024-06-26,2024-06-26,,"Hachi: A Dog's Tale","Hachi: A Dog's Tale",https://www.imdb.com/title/tt1028532/,Movie,8.1,93,2009,"Biography, Drama, Family",313593,2010-03-12,"Lasse Hallström",,
233,tt0476735,2024-06-26,2024-06-26,,"My Father and My Son","Babam ve Oglum",https://www.imdb.com/title/tt0476735/,Movie,8.2,112,2005,"Drama, Family",93071,2005-11-18,"Çagan Irmak",,
234,tt0059742,2024-06-26,2024-06-26,,"The Sound of Music","The Sound of Music",https://www.imdb.com/title/tt0059742/,Movie,8.1,172,1965,"Biography, Drama, Family, Musical, Romance",262831,1965-03-29,"Robert Wise",,
235,tt4016934,2024-06-26,2024-06-26,,"The Handmaiden","Ah-ga-ssi",https://www.imdb.com/title/tt4016934/,Movie,8.1,145,2016,"Drama, Romance, Thriller",174957,2017-04-14,"Park Chan-wook",,
236,tt0758758,2024-06-26,2024-06-26,,"Into the Wild","Into the Wild",https://www.imdb.com/title/tt0758758/,Movie,8.1,148,2007,"Adventure, Biography, Drama",660872,2007-11-09,"Sean Penn",,
237,tt0035446,2024-06-26,2024-06-26,,"To Be or Not to Be","To Be or Not to Be",https://www.imdb.com/title/tt0035446/,Movie,8.1,99,1942,"Comedy, Romance, War",43460,1942-03-06,"Ernst Lubitsch",,
238,tt0058946,2024-06-26,2024-06-26,,"The Battle of Algiers","La battaglia di Algeri",https://www.imdb.com/title/tt0058946/,Movie,8.1,121,1966,"Drama, War",66159,1971-03-18,"Gillo Pontecorvo",,
239,tt0032551,2024-06-26,2024-06-26,,"The Grapes of Wrath","The Grapes of Wrath",https://www.imdb.com/title/tt0032551/,Movie,8.1,129,1940,"Drama",100506,1940-03-15,"John Ford",,
240,tt0107048,2024-06-26,2024-06-26,,"Groundhog Day","Groundhog Day",https://www.imdb.com/title/tt0107048/,Movie,8.0,101,1993,"Comedy, Drama, Fantasy, Romance",688923,1993-05-07,"Harold Ramis",,
241,tt0245712,2024-06-26,2024-06-26,,"Amores perros","Amores perros",https://www.imdb.com/title/tt0245712/,Movie,8.1,154,2000,"Drama, Thriller",253950,2001-05-18,"Alejandro G. Iñárritu",,
242,tt0129167,2024-06-26,2024-06-26,,"The Iron Giant","The Iron Giant",https://www.imdb.com/title/tt0129167/,Movie,8.1,86,1999,"Animation, Action, Adventure, Comedy, Drama, Family, Sci-Fi",229706,1999-12-17,"Brad Bird",,
243,tt0032976,2024-06-26,2024-06-26,,"Rebecca","Rebecca",https://www.imdb.com/title/tt0032976/,Movie,8.1,130,1940,"Drama, Mystery, Romance, Thriller",147546,1940-04-12,"Alfred Hitchcock",,
244,tt0061512,2024-06-26,2024-06-26,,"Cool Hand Luke","Cool Hand Luke",https://www.imdb.com/title/tt0061512/,Movie,8.1,127,1967,"Crime, Drama",189507,1967-11-01,"Stuart Rosenberg",,
245,tt1454029,2024-06-26,2024-06-26,,"The Help","The Help",https://www.imdb.com/title/tt1454029/,Movie,8.1,146,2011,"Drama",495543,2011-10-26,"Tate Taylor",,
246,tt0025316,2024-06-26,2024-06-26,,"It Happened One Night","It Happened One Night",https://www.imdb.com/title/tt0025316/,Movie,8.1,105,1934,"Comedy, Romance",112898,1934-02-22,"Frank Capra",,
247,tt4430212,2024-06-26,2024-06-26,,"Drishyam","Drishyam",https://www.imdb.com/title/tt4430212/,Movie,8.2,163,2015,"Crime, Drama, Mystery, Thriller",95592,2015-07-31,"Nishikant Kamat",,
248,tt0103639,2024-06-26,2024-06-26,,"Aladdin","Aladdin",https://www.imdb.com/title/tt0103639/,Movie,8.0,90,1992,"Animation, Adventure, Comedy, Family, Fantasy, Musical, Romance",470815,1993-11-17,"Ron Clements, John Musker",,
249,tt0099348,2024-06-26,2024-06-26,,"Dances with Wolves","Dances with Wolves",https://www.imdb.com/title/tt0099348/,Movie,8.0,181,1990,"Adventure, Drama, Western",292859,1991-02-08,"Kevin Costner",,
250,tt0105323,2024-06-26,2024-06-26,,"Scent of a Woman","Scent of a Woman",https://www.imdb.com/title/tt0105323/,Movie,8.0,156,1992,"Drama",331716,1993-03-12,"Martin Brest",,
